Time,Channel A,Channel B
(us),(mV),(mV)

0.00000000,-100.27070000,78.90932000
0.00100000,-83.96899000,79.61675000
0.00200000,-65.45275000,76.51021000
0.00300000,-48.01304000,70.54318000
0.00400000,-31.83440000,63.00750000
0.00500000,-20.13103000,55.44106000
0.00600000,-13.76415000,46.85962000
0.00700000,-14.24089000,39.06250000
0.00800000,-18.60851000,32.80327000
0.00900000,-26.19033000,29.83514000
0.01000000,-38.10900000,24.57554000
0.01100000,-52.10384000,18.37783000
0.01200000,-65.12980000,14.11786000
0.01300000,-74.75700000,12.74914000
0.01400000,-81.30843000,10.70374000
0.01500000,-83.59990000,8.62758300
0.01600000,-79.21690000,7.70484700
0.01700000,-68.89763000,8.39689900
0.01800000,-56.97895000,6.41301600
0.01900000,-45.73695000,2.50676700
0.02000000,-32.77251000,-2.79896600
0.02100000,-20.60777000,-8.30462600
0.02200000,-13.01058000,-15.84030000
0.02300000,-11.41117000,-23.86811000
0.02400000,-13.56422000,-30.23499000
0.02500000,-19.06988000,-33.44918000
0.02600000,-29.94279000,-37.53998000
0.02700000,-44.16830000,-41.20017000
0.02800000,-57.07123000,-45.41400000
0.02900000,-66.02177000,-49.07418000
0.03000000,-75.54134000,-53.45718000
0.03100000,-83.33846000,-57.82480000
0.03200000,-88.70570000,-58.70140000
0.03300000,-90.55118000,-55.47182000
0.03400000,-89.32086000,-56.28690000
0.03500000,-84.95325000,-60.42384000
0.03600000,-80.46259000,-65.85260000
0.03700000,-76.32566000,-71.58894000
0.03800000,-74.15723000,-78.01734000
0.03900000,-74.38791000,-83.75368000
0.04000000,-75.44906000,-88.95177000
0.04100000,-77.04847000,-92.15059000
0.04200000,-81.30843000,-97.41018000
0.04300000,-87.27546000,-103.37720000
0.04400000,-93.82689000,-108.69830000
0.04500000,-99.79391000,-112.12780000
0.04600000,-104.17690000,-116.34170000
0.04700000,-106.23770000,-120.23250000
0.04800000,-105.13040000,-123.32370000
0.04900000,-100.99350000,-124.70780000
0.05000000,-95.73387000,-127.67590000
0.05100000,-90.70496000,-131.12080000
0.05200000,-81.06237000,-137.54920000
0.05300000,-68.89763000,-145.57700000
0.05400000,-58.08624000,-153.11270000
0.05500000,-50.75049000,-158.61830000
0.05600000,-44.50664000,-163.69340000
0.05700000,-41.06176000,-166.66150000
0.05800000,-38.03211000,-173.02840000
0.05900000,-36.43270000,-181.30230000
0.06000000,-34.43344000,-187.71530000
0.06100000,-32.83403000,-190.92950000
0.06200000,-29.68135000,-195.12790000
0.06300000,-25.79048000,-199.26490000
0.06400000,-21.51513000,-201.24870000
0.06500000,-17.85494000,-200.32600000
0.06600000,-13.70263000,-202.30990000
0.06700000,-10.27313000,-206.44680000
0.06800000,-4.78284900,-210.70680000
0.06900000,1.89160900,-214.13630000
0.07000000,4.04466000,-219.51890000
0.07100000,1.29183100,-225.71660000
0.07200000,-0.93811510,-229.91510000
0.07300000,-2.30684000,-231.05310000
0.07400000,-6.56680600,-234.15970000
0.07500000,-12.76452000,-238.28120000
0.07600000,-18.14714000,-241.49540000
0.07700000,-21.57665000,-243.09480000
0.07800000,-25.72896000,-245.26330000
0.07900000,-29.38915000,-247.55470000
0.08000000,-33.60298000,-247.38560000
0.08100000,-37.26316000,-244.38670000
0.08200000,-41.47699000,-245.38630000
0.08300000,-45.13718000,-249.98460000
0.08400000,-49.35101000,-253.30650000
0.08500000,-53.01119000,-254.90590000
0.08600000,-57.16351000,-257.01280000
0.08700000,-60.59301000,-259.08900000
0.08800000,-65.91412000,-260.01170000
0.08900000,-71.88115000,-259.31960000
0.09000000,-77.24840000,-261.36500000
0.09100000,-80.92397000,-265.50200000
0.09200000,-84.13816000,-269.82350000
0.09300000,-86.19894000,-273.48360000
0.09400000,-86.19894000,-277.75900000
0.09500000,-84.13816000,-281.64980000
0.09600000,-80.92397000,-284.69490000
0.09700000,-77.24840000,-285.83290000
0.09800000,-72.00418000,-290.03130000
0.09900000,-66.49852000,-296.22910000
0.10000000,-58.90133000,-301.61170000
0.10100000,-50.64284000,-305.04120000
0.10200000,-45.38324000,-309.19350000
0.10300000,-44.47588000,-312.85370000
0.10400000,-41.55389000,-317.06750000
0.10500000,-37.87832000,-320.72770000
0.10600000,-32.51107000,-324.94150000
0.10700000,-26.54404000,-328.60170000
0.10800000,-21.28445000,-332.81560000
0.10900000,-18.08563000,-336.47570000
0.11000000,-12.88755000,-340.75110000
0.11100000,-7.15120500,-344.64200000
0.11200000,-0.78432570,-347.79460000
0.11300000,4.72133400,-349.39410000
0.11400000,11.02670000,-351.33180000
0.11500000,16.53236000,-352.70050000
0.11600000,23.06841000,-357.02200000
0.11700000,29.49680000,-363.45040000
0.11800000,31.60371000,-367.89490000
0.11900000,28.85088000,-369.72500000
0.12000000,26.55942000,-369.49430000
0.12100000,24.96001000,-366.72610000
0.12200000,21.80733000,-366.66460000
0.12300000,17.91646000,-369.20210000
0.12400000,13.64112000,-370.37090000
0.12500000,9.98092900,-370.14020000
0.12600000,5.65944900,-370.14020000
0.12700000,1.52251500,-370.37090000
0.12800000,-0.52288380,-369.26360000
0.12900000,0.16916830,-366.95680000
0.13000000,-0.75356790,-365.84950000
0.13100000,-2.82972400,-366.08020000
0.13200000,-4.87512300,-366.08020000
0.13300000,-6.24384800,-365.84950000
0.13400000,-10.50381000,-367.01830000
0.13500000,-16.70152000,-369.55580000
0.13600000,-22.02264000,-369.55580000
0.13700000,-25.22145000,-367.01830000
0.13800000,-30.54257000,-365.84950000
0.13900000,-36.74028000,-366.08020000
0.14000000,-41.00024000,-366.08020000
0.14100000,-42.36897000,-365.84950000
0.14200000,-44.47588000,-367.01830000
0.14300000,-46.76735000,-369.55580000
0.14400000,-46.89037000,-369.49430000
0.14500000,-45.06028000,-366.72610000
0.14600000,-40.73880000,-366.61850000
0.14700000,-34.77177000,-368.90990000
0.14800000,-28.28186000,-371.07830000
0.14900000,-22.54552000,-372.67780000
0.15000000,-17.28592000,-375.89200000
0.15100000,-13.85642000,-380.01350000
0.15200000,-9.64259300,-383.22770000
0.15300000,-5.75172200,-384.82710000
0.15400000,-2.66055600,-386.87250000
0.15500000,-1.27645200,-388.71800000
0.15600000,1.81471400,-390.80950000
0.15700000,5.70558500,-392.65500000
0.15800000,9.98092900,-394.86960000
0.15900000,13.64112000,-397.16100000
0.16000000,17.85494000,-397.05340000
0.16100000,21.51513000,-394.28520000
0.16200000,25.60593000,-394.22360000
0.16300000,28.82013000,-396.76120000
0.16400000,35.23314000,-397.86850000
0.16500000,43.50701000,-397.40710000
0.16600000,50.04306000,-398.57590000
0.16700000,53.71862000,-401.32870000
0.16800000,55.70251000,-400.11380000
0.16900000,55.24114000,-394.82340000
0.17000000,55.17962000,-394.82340000
0.17100000,55.41031000,-400.11380000
0.17200000,54.41068000,-401.39020000
0.17300000,52.58058000,-398.86810000
0.17400000,49.36639000,-396.69960000
0.17500000,45.47551000,-395.33090000
0.17600000,41.13865000,-390.94790000
0.17699999,37.24778000,-384.28880000
0.17799999,34.03359000,-381.13620000
0.17899999,32.20350000,-382.28960000
0.17999999,31.32689000,-380.30570000
0.18099999,32.01895000,-375.93810000
0.18199999,29.91203000,-372.73930000
0.18299999,25.54441000,-371.35520000
0.18399999,22.28408000,-368.15630000
0.18499999,20.68467000,-363.78870000
0.18599999,18.68541000,-361.68180000
0.18699999,17.08600000,-362.37390000
0.18799999,13.82566000,-361.45110000
0.18899999,9.45804600,-359.37500000
0.18999999,7.35113100,-357.26810000
0.19099999,8.04318300,-355.66860000
0.19199999,7.05893100,-352.40830000
0.19299999,4.75209100,-348.04070000
0.19399999,3.52177600,-345.87230000
0.19499999,3.29109200,-346.33360000
0.19599999,5.52103800,-346.51820000
0.19699999,9.88865600,-346.74890000
0.19799999,13.08747000,-345.70310000
0.19899999,14.47158000,-343.62700000
0.19999999,17.56274000,-341.41240000
0.20099999,21.45362000,-339.33620000
0.20199999,25.72896000,-338.29050000
0.20299999,29.38915000,-338.52110000
0.20399999,33.54146000,-338.58260000
0.20499999,36.97096000,-338.58260000
0.20599999,42.35359000,-338.70570000
0.20699999,48.55130000,-339.16710000
0.20799999,52.74975000,-336.93710000
0.20899999,53.88779000,-332.35420000
0.20999999,56.93282000,-330.12420000
0.21099999,60.82369000,-330.58560000
0.21199999,65.20669000,-330.77010000
0.21299999,69.34362000,-331.00090000
0.21399999,71.38902000,-330.00120000
0.21499999,70.69697000,-328.17110000
0.21599999,71.61971000,-324.89540000
0.21699999,73.69586000,-320.77390000
0.21799999,75.84891000,-317.62120000
0.21899999,77.69438000,-316.23710000
0.21999999,79.90896000,-313.08440000
0.22099999,82.20041000,-308.96280000
0.22199999,82.20041000,-305.85630000
0.22299999,79.90896000,-304.71820000
0.22399999,77.63287000,-300.45830000
0.22499999,75.55672000,-294.02990000
0.22599999,74.57246000,-289.76990000
0.22699999,75.03383000,-288.63190000
0.22799999,74.15723000,-285.58690000
0.22899999,72.55782000,-281.69600000
0.22999999,68.17482000,-277.48210000
0.23099999,61.74643000,-274.05260000
0.23199999,57.48647000,-268.73150000
0.23299999,56.34842000,-262.76450000
0.23399999,53.24187000,-257.44340000
0.23499999,49.12032000,-254.01390000
0.23599999,45.90612000,-249.86160000
0.23699999,44.30672000,-246.20140000
0.23799999,42.13828000,-242.04910000
0.23899999,39.84682000,-238.61960000
0.23999999,39.89296000,-233.23690000
0.24099999,42.43048000,-227.03920000
0.24199999,43.59928000,-222.84080000
0.24299999,43.36860000,-221.70270000
0.24399999,43.30709000,-218.59620000
0.24499999,43.30709000,-214.47460000
0.24599999,43.24557000,-211.36810000
0.24699999,43.01488000,-210.23010000
0.24799999,44.01451000,-205.97010000
0.24899999,45.84461000,-199.54170000
0.24999999,49.12032000,-195.22020000
0.25099999,53.24187000,-193.85150000
0.25199999,56.39456000,-191.86760000
0.25299999,57.77866000,-190.02210000
0.25399999,60.93134000,-188.03830000
0.25499999,65.05290000,-186.66950000
0.25599999,68.20558000,-182.34810000
0.25699999,69.58968000,-175.91970000
0.25799999,72.68085000,-171.59820000
0.25899999,76.57172000,-170.22940000
0.25999999,80.90858000,-168.24560000
0.26099999,84.79945000,-166.40010000
0.26199999,87.95213000,-164.41620000
0.26299999,89.55154000,-163.04750000
0.26399999,91.65846000,-158.72600000
0.26499999,93.73462000,-152.29760000
0.26599999,94.78038000,-148.09920000
0.26699999,94.54971000,-147.17640000
0.26799999,94.54971000,-142.97800000
0.26899999,94.78038000,-136.54960000
0.26999999,93.67310000,-132.35110000
0.27099999,91.36626000,-131.42840000
0.27199999,90.25897000,-127.35300000
0.27299999,90.48965000,-121.38590000
0.27399999,90.61269000,-114.89600000
0.27499999,90.84338000,-109.15970000
0.27599999,89.79761000,-103.90010000
0.27699999,87.72145000,-100.47060000
0.27799999,85.61453000,-96.44131000
0.27899999,84.01513000,-93.22711000
0.27999999,80.86244000,-86.81409000
0.28099999,76.97158000,-78.54022000
0.28199999,72.63471000,-72.12721000
0.28299999,68.74384000,-68.91302000
0.28399999,65.59116000,-64.88373000
0.28499999,63.99175000,-61.45423000
0.28599999,61.94635000,-56.19463000
0.28699999,60.10088000,-50.45829000
0.28799999,57.94783000,-44.02989000
0.28899999,55.87167000,-38.29355000
0.28999999,54.82590000,-33.03395000
0.29099999,55.05659000,-29.60445000
0.29199999,55.05659000,-25.51365000
0.29299999,54.82590000,-22.08415000
0.29399999,55.87167000,-16.76304000
0.29499999,57.94783000,-10.79601000
0.29599999,60.10088000,-5.42876500
0.29699999,61.94635000,-1.75319900
0.29799999,64.03790000,1.27645200
0.29899999,65.88336000,2.66055600
0.29999999,67.97490000,5.75172200
0.30099999,69.82037000,9.64259300
0.30199999,71.97343000,13.91794000
0.30299999,74.04958000,17.57812000
0.30399999,74.97231000,21.85347000
0.30499999,74.28026000,25.74434000
0.30599999,76.38718000,28.83550000
0.30699999,80.75480000,30.21961000
0.30799999,84.01513000,33.31078000
0.30899999,85.61453000,37.20164000
0.30999999,87.65993000,41.41548000
0.31099999,89.50541000,44.84498000
0.31199999,91.65846000,50.22760000
0.31299999,93.73462000,56.42532000
0.31399999,94.71886000,60.62376000
0.31499999,94.25750000,61.76181000
0.31599999,95.30327000,64.80684000
0.31699999,97.61011000,68.69771000
0.31799999,98.77891000,72.91154000
0.31899999,98.77891000,76.34103000
0.31999999,97.67162000,81.72366000
0.32099999,95.59547000,87.92138000
0.32199999,93.38090000,92.05831000
0.32299999,91.30474000,92.98105000
0.32399999,90.32050000,97.11798000
0.32499999,90.78186000,103.31570000
0.32599999,89.84374000,108.63680000
0.32699999,88.01365000,111.83560000
0.32799999,84.73794000,117.03370000
0.32899999,80.61638000,122.77010000
0.32999999,77.40218000,129.19840000
0.33099999,75.80277000,134.93480000
0.33199999,73.75738000,140.19440000
0.33299999,71.91190000,143.62390000
0.33399999,69.69734000,147.71470000
0.33499999,67.40588000,151.14420000
0.33599999,67.34436000,156.40380000
0.33699999,69.40514000,162.14010000
0.33799999,72.61934000,168.63000000
0.33899999,76.29490000,174.59710000
0.33999999,81.60063000,178.67250000
0.34099999,87.33698000,179.59520000
0.34199999,93.76537000,183.73220000
0.34299999,99.50172000,189.92990000
0.34399999,104.86900000,195.35860000
0.34499999,108.77520000,199.03420000
0.34599999,111.05130000,202.12540000
0.34699999,111.51270000,203.72480000
0.34799999,107.42190000,205.72400000
0.34899999,100.08610000,207.32340000
0.34999999,87.47539000,210.35310000
0.35099999,72.80388000,213.79800000
0.35199999,51.59633000,220.16490000
0.35299999,28.88164000,227.96200000
0.35399999,2.01464100,236.60490000
0.35499999,-23.45288000,244.40210000
0.35599999,-44.89111000,250.59980000
0.35699999,-57.73252000,253.33720000
0.35799999,-66.43700000,259.64260000
0.35899999,-69.42052000,267.91640000
0.35999999,-60.08550000,274.45250000
0.36099999,-41.04638000,278.12810000
0.36199999,-11.01132000,280.28110000
0.36299999,23.62205000,280.51180000
0.36399999,63.16129000,277.25150000
0.36499999,98.94807000,271.05370000
0.36599999,136.50340000,264.44080000
0.36699999,167.93800000,258.47380000
0.36799999,189.72990000,254.21380000
0.36899999,197.98840000,252.61440000
0.36999999,189.46850000,251.50710000
0.37099999,166.06180000,251.04570000
0.37199999,129.55220000,254.24460000
0.37299999,87.58304000,260.44230000
0.37399999,37.10937000,266.70150000
0.37499999,-11.30352000,271.26910000
0.37599999,-56.45607000,281.91130000
0.37699999,-89.02866000,296.13680000
0.37799999,-110.69760000,309.16280000
0.37899999,-117.35670000,318.55930000
0.37999999,-103.57710000,325.98730000
0.38099999,-72.60396000,329.64750000
0.38199999,-25.17532000,330.64710000
0.38299999,29.20460000,328.58640000
0.38399999,88.49040000,324.24950000
0.38499999,140.80950000,318.52850000
0.38599999,184.96250000,310.93130000
0.38699999,212.02940000,302.90350000
0.38799999,221.90270000,296.35210000
0.38899999,212.96750000,292.44590000
0.38999999,180.61020000,291.27700000
0.39099999,131.27460000,292.89180000
0.39199999,71.92728000,299.30480000
0.39299999,14.34855000,309.17810000
0.39399999,-43.78383000,320.91230000
0.39499999,-90.58193000,331.92360000
0.39599999,-123.00070000,345.88760000
0.39699999,-134.70410000,359.88250000
0.39799999,-124.95390000,370.57080000
0.39899999,-95.58009000,375.61510000
0.39999999,-49.08956000,379.81360000
0.40099999,5.52103800,382.12040000
0.40199999,64.99138000,379.95200000
0.40299999,117.75650000,373.75430000
0.40399999,160.00240000,366.11100000
0.40499999,183.62450000,358.29850000
0.40599999,185.66990000,350.76280000
0.40699999,165.47740000,345.04180000
0.40799999,128.67560000,340.76650000
0.40899999,82.33882000,338.93640000
0.40999999,26.19033000,338.87480000
0.41099999,-28.63558000,340.47420000
0.41199999,-77.24840000,345.85690000
0.41299999,-110.05170000,353.88470000
0.41399999,-127.33760000,362.52760000
0.41499999,-125.73820000,370.09410000
0.41599999,-103.13110000,377.69130000
0.41699999,-64.13016000,383.88900000
0.41799999,-11.08821000,385.99590000
0.41899999,45.81385000,383.47380000
0.41999999,101.08570000,380.25960000
0.42099999,144.20830000,377.04540000
0.42199999,171.19830000,369.44820000
0.42299999,176.70400000,358.89820000
0.42399999,162.57070000,351.36260000
0.42499999,131.36690000,348.37900000
0.42599999,84.86097000,344.24210000
0.42699999,32.09584000,340.10520000
0.42799999,-22.99151000,337.76760000
0.42899999,-69.55893000,337.30620000
0.42999999,-106.19160000,341.68920000
0.43099999,-125.46140000,350.17840000
0.43199999,-127.55290000,357.94470000
0.43299999,-111.95870000,363.91170000
0.43399999,-79.47834000,367.06450000
0.43499999,-36.34042000,366.60310000
0.43599999,13.61036000,365.43430000
0.43699999,61.10051000,363.60420000
0.43799999,98.84042000,360.39000000
0.43899999,119.24830000,356.49910000
0.43999999,127.82970000,352.22380000
0.44099999,122.80080000,348.56360000
0.44199999,98.90194000,344.18060000
0.44299999,60.57763000,339.81300000
0.44399999,18.39321000,338.70570000
0.44499999,-19.43897000,340.99710000
0.44599999,-58.28617000,344.21130000
0.44699999,-90.42815000,347.65620000
0.44799999,-107.77560000,354.19230000
0.44899999,-107.08350000,362.69680000
0.44999999,-92.64271000,368.12560000
0.45099999,-66.48315000,369.49430000
0.45199999,-35.00246000,370.43240000
0.45299999,-4.02928100,370.43240000
0.45399999,26.17495000,369.43280000
0.45499999,49.58169000,367.83340000
0.45599999,64.65305000,363.57340000
0.45699999,68.31324000,357.60640000
0.45799999,61.71567000,350.99350000
0.45899999,45.87537000,344.79570000
0.45999999,23.09916000,341.53540000
0.46099999,-2.36835600,341.76610000
0.46199999,-28.48179000,344.04220000
0.46299999,-50.50443000,348.17910000
0.46399999,-63.42274000,352.56210000
0.46499999,-64.56078000,356.45300000
0.46599999,-58.94746000,359.66720000
0.46699999,-47.24409000,361.49730000
0.46799999,-29.72748000,362.55840000
0.46899999,-9.28887700,362.55840000
0.46999999,7.05893100,361.49730000
0.47099999,16.47084000,359.66720000
0.47199999,20.73080000,356.57600000
0.47299999,18.90071000,353.13110000
0.47399999,10.24237000,346.59510000
0.47499999,-3.52177600,338.09050000
0.47599999,-20.86922000,332.66170000
0.47699999,-38.53961000,331.29300000
0.47799999,-54.88742000,330.35490000
0.47899999,-67.05216000,330.35490000
0.47999999,-71.37364000,331.52370000
0.48099999,-67.02140000,333.83060000
0.48199999,-57.20964000,334.99940000
0.48299999,-43.66080000,334.99940000
0.48399999,-26.20571000,333.89210000
0.48499999,-7.84325700,331.81590000
0.48599999,5.24421700,329.77050000
0.48699999,10.74988000,328.40180000
0.48799999,10.74988000,324.20330000
0.48899999,5.24421700,318.23630000
0.48999999,-7.65871000,311.68490000
0.49099999,-25.32911000,305.71790000
0.49199999,-45.95226000,301.45790000
0.49299999,-65.68343000,299.85850000
0.49399999,-82.04662000,298.79740000
0.49499999,-92.13521000,298.56670000
0.49599999,-93.19635000,300.90430000
0.49699999,-84.92249000,305.73320000
0.49799999,-70.85075000,306.96360000
0.49899999,-53.64173000,304.67210000
0.49999999,-31.97281000,301.33490000
0.50099999,-9.93479300,297.44400000
0.50199999,7.47416300,293.23020000
0.50299999,17.10138000,289.80070000
0.50399999,19.26981000,284.60260000
0.50499999,13.53346000,279.09700000
0.50599999,-0.59977850,271.56120000
0.50699999,-20.57702000,263.53340000
0.50799999,-42.18442000,257.10510000
0.50899999,-61.22355000,253.66020000
0.50999999,-79.67827000,250.44600000
0.51099999,-94.14984000,248.15450000
0.51199999,-98.53284000,249.38480000
0.51299999,-92.10445000,254.21380000
0.51399999,-79.01697000,256.55140000
0.51499999,-61.57726000,256.32070000
0.51599999,-39.78531000,255.25960000
0.51699999,-17.51661000,253.66020000
0.51799999,-1.33796700,249.40020000
0.51899999,5.53641700,243.43320000
0.51999999,8.75061400,237.12780000
0.52099999,7.59719500,232.08350000
0.52199999,-3.13730300,223.50210000
0.52299999,-21.26907000,213.16740000
0.52399999,-41.89222000,205.69330000
0.52499999,-61.16203000,202.70970000
0.52599999,-79.57062000,198.51130000
0.52699999,-93.56544000,194.14370000
0.52799999,-100.10150000,193.20560000
0.52899999,-98.04072000,196.20450000
0.52999999,-88.22896000,196.37360000
0.53099998,-72.38865000,194.08220000
0.53199998,-52.82664000,191.91370000
0.53299998,-33.09547000,190.31430000
0.53399998,-15.74803000,187.16170000
0.53499998,-4.04466000,183.27080000
0.53599998,1.39948300,179.11850000
0.53699998,-0.44598910,175.90430000
0.53799998,-10.19623000,169.53740000
0.53899998,-26.03654000,161.50960000
0.53999998,-45.47551000,153.97390000
0.54099998,-64.76070000,148.46820000
0.54199998,-84.26119000,143.10100000
0.54299998,-100.33220000,138.96410000
0.54399998,-108.97510000,138.08750000
0.54499998,-108.51380000,141.08640000
0.54599998,-102.08540000,141.37860000
0.54699998,-91.07406000,139.54850000
0.54799998,-71.51205000,135.16550000
0.54899998,-46.95189000,128.96780000
0.54999998,-26.32874000,123.58510000
0.55099998,-13.48733000,120.15560000
0.55199998,-3.84473400,116.12630000
0.55299998,0.50750490,112.91210000
0.55399998,-3.81397600,106.49910000
0.55499998,-15.97871000,98.22527000
0.55599998,-32.21887000,91.75073000
0.55699998,-49.41252000,88.30585000
0.55799998,-68.80536000,85.21468000
0.55899998,-86.47575000,83.38459000
0.55999998,-100.60900000,82.44647000
0.56099998,-108.65220000,82.90784000
0.56199998,-108.59070000,81.96973000
0.56299998,-100.33220000,80.13963000
0.56399998,-87.24471000,76.92544000
0.56499998,-71.63509000,73.03457000
0.56599998,-54.34916000,68.88226000
0.56699998,-38.73954000,65.66806000
0.56799998,-25.83661000,59.36269000
0.56899998,-18.27018000,51.56557000
0.56999998,-15.11749000,42.98413000
0.57099998,-17.17827000,35.41769000
0.57199998,-23.66818000,27.98966000
0.57299998,-33.29539000,22.48400000
0.57399998,-46.32135000,17.17827000
0.57499998,-60.31618000,13.27202000
0.57599998,-72.29638000,11.28814000
0.57699998,-80.09350000,11.98019000
0.57799998,-83.36921000,11.05746000
0.57899998,-81.53912000,8.98129900
0.57999998,-73.88041000,6.93590000
0.58099998,-61.71567000,5.56717500
0.58199998,-48.75123000,1.30720900
0.58299998,-37.50923000,-4.89050100
0.58399998,-25.59055000,-10.21161000
0.58499998,-15.27128000,-13.41043000
0.58599998,-10.88829000,-18.60851000
0.58699998,-13.17975000,-24.34486000
0.58799998,-19.77731000,-30.71173000
0.58899998,-29.65059000,-36.21739000
0.58999998,-41.44623000,-42.70731000
0.59099998,-52.68823000,-48.90501000
0.59199998,-65.59116000,-51.99618000
0.59299998,-77.52522000,-51.07345000
0.59399998,-86.12204000,-51.93467000
0.59499998,-89.55154000,-54.01082000
0.59599998,-90.36662000,-56.11774000
0.59699998,-87.84448000,-57.71715000
0.59799998,-85.61453000,-60.86983000
0.59899998,-84.01513000,-64.76070000
0.59999998,-80.75480000,-68.91302000
0.60099998,-76.38718000,-72.12721000
0.60199998,-74.11109000,-78.49409000
0.60299998,-74.11109000,-86.52190000
0.60399998,-76.26414000,-94.05757000
0.60499998,-80.17039000,-99.56323000
0.60599998,-85.59916000,-104.80740000
0.60699998,-91.56618000,-108.48300000
0.60799998,-96.99495000,-111.51270000
0.60899998,-100.90120000,-112.89680000
0.60999998,-103.11580000,-115.98790000
0.61099998,-103.34650000,-119.87880000
0.61199998,-100.13220000,-124.09260000
0.61299998,-94.16522000,-127.52210000
0.61399998,-86.69106000,-132.84320000
0.61499998,-79.35531000,-138.81030000
0.61599998,-69.71272000,-143.94690000
0.61699998,-59.85482000,-146.68430000
0.61799998,-51.31951000,-154.11230000
0.61899998,-46.05991000,-164.44700000
0.61999998,-40.86183000,-173.08990000
0.62099998,-37.18627000,-178.34950000
0.62199998,-34.09510000,-183.54760000
0.62299998,-32.49569000,-187.22320000
0.62399998,-30.45029000,-190.25280000
0.62499998,-28.60482000,-191.63690000
0.62599998,-26.62094000,-194.72810000
0.62699998,-25.25221000,-198.61900000
0.62799998,-20.93073000,-202.95580000
0.62899998,-14.50234000,-206.84670000
0.62999998,-10.24237000,-209.99940000
0.63099998,-9.10433000,-211.59880000
0.63199998,-5.95164800,-213.53650000
0.63299998,-1.58403000,-214.90520000
0.63399998,0.64591530,-219.22670000
0.63499998,0.41523130,-225.65510000
0.63599998,-0.58439960,-229.91510000
0.63699998,-1.95312500,-231.05310000
0.63799998,-7.38188900,-234.15970000
0.63899998,-15.88644000,-238.28120000
0.63999998,-22.31484000,-241.55690000
0.64099998,-25.28297000,-243.38700000
0.64199998,-30.54257000,-244.38670000
0.64299998,-36.74028000,-244.15600000
0.64399998,-40.93873000,-244.03290000
0.64499998,-42.07677000,-243.80230000
0.64599998,-45.12180000,-244.90960000
0.64699998,-49.01267000,-247.21640000
0.64799998,-53.22650000,-248.13910000
0.64899998,-56.65600000,-247.21640000
0.64999998,-61.97711000,-250.43060000
0.65099998,-67.94415000,-257.08970000
0.65199998,-73.26525000,-261.34960000
0.65299998,-76.69476000,-262.27240000
0.65399998,-81.01624000,-266.53230000
0.65499998,-85.38385000,-273.19140000
0.65599998,-86.42962000,-276.34410000
0.65699998,-83.90747000,-275.19070000
0.65799998,-81.73905000,-277.11300000
0.65899998,-80.37032000,-281.25000000
0.65999998,-76.11035000,-285.57150000
0.66099998,-69.91264000,-289.23160000
0.66199998,-64.59153000,-293.44550000
0.66299998,-61.39271000,-297.10570000
0.66399998,-56.19463000,-301.31950000
0.66499998,-50.45829000,-304.97970000
0.66599998,-43.96838000,-309.13200000
0.66699998,-38.00135000,-312.56150000
0.66799998,-33.86442000,-317.88260000
0.66899998,-32.72638000,-323.84960000
0.66999998,-29.74286000,-329.21690000
0.67099998,-26.06730000,-332.89250000
0.67199998,-20.76156000,-335.92210000
0.67299998,-15.02522000,-337.30620000
0.67399998,-8.71985600,-340.39740000
0.67499998,-3.44488200,-344.28820000
0.67599998,4.02928100,-348.62510000
0.67699998,12.05709000,-352.51600000
0.67799998,18.48548000,-355.66860000
0.67899998,21.93036000,-357.26810000
0.67999998,25.02153000,-359.31350000
0.68099998,26.85162000,-361.15890000
0.68199998,27.97429000,-363.25050000
0.68299998,28.20497000,-365.09590000
0.68399998,26.03654000,-367.24900000
0.68499998,21.89960000,-369.32510000
0.68599998,17.57812000,-370.43240000
0.68699998,13.91794000,-370.43240000
0.68799998,9.64259300,-369.26360000
0.68899998,5.75172200,-366.95680000
0.68999998,2.53752400,-365.84950000
0.69099998,0.70743110,-366.08020000
0.69199998,-0.16916830,-366.14170000
0.69299998,0.52288380,-366.14170000
0.69399998,-1.58403000,-366.20320000
0.69499998,-5.95164800,-366.43390000
0.69599998,-9.10433000,-365.26510000
0.69699998,-10.24237000,-362.72760000
0.69799998,-14.44082000,-362.72760000
0.69899998,-20.63853000,-365.26510000
0.69999998,-25.95964000,-366.43390000
0.70099998,-29.15846000,-366.20320000
0.70199998,-34.41806000,-366.14170000
0.70299998,-40.38509000,-366.14170000
0.70399998,-45.87537000,-366.14170000
0.70499998,-50.01230000,-366.14170000
0.70599998,-51.05807000,-366.14170000
0.70699998,-48.76661000,-366.14170000
0.70799998,-45.49089000,-366.01870000
0.70899998,-41.81533000,-365.55730000
0.70999998,-36.50959000,-367.78730000
0.71099998,-30.77325000,-372.37020000
0.71199998,-24.34486000,-374.47710000
0.71299998,-18.60851000,-373.55440000
0.71399998,-13.34892000,-375.59980000
0.71499998,-9.91941400,-379.96740000
0.71599998,-5.70558500,-383.16620000
0.71699998,-1.81471400,-384.55030000
0.71799998,1.27645200,-387.81060000
0.71899998,2.66055600,-392.40890000
0.71999998,5.75172200,-393.40860000
0.72099998,9.64259300,-390.40970000
0.72199998,13.85642000,-390.24050000
0.72299998,17.28592000,-392.53200000
0.72399998,22.60704000,-394.80800000
0.72499998,28.57406000,-396.88420000
0.72599998,33.83366000,-397.99150000
0.72699998,37.03248000,-397.99150000
0.72799998,42.35359000,-396.76120000
0.72899998,48.55130000,-394.22360000
0.72999998,52.81126000,-394.22360000
0.73099998,54.17999000,-396.76120000
0.73199998,56.28690000,-397.93000000
0.73299998,58.57837000,-397.69930000
0.73399998,58.63988000,-397.76080000
0.73499998,56.57911000,-398.22220000
0.73599998,53.30339000,-396.05370000
0.73699998,49.41252000,-391.68610000
0.73799998,45.07566000,-388.42580000
0.73899998,41.18479000,-386.82640000
0.73999998,38.09362000,-384.78100000
0.74099998,36.70952000,-382.93550000
0.74199998,33.51070000,-380.95160000
0.74299998,29.14308000,-379.58290000
0.74399998,27.09768000,-375.19990000
0.74499998,28.02042000,-368.54080000
0.74599998,25.97502000,-365.32660000
0.74699998,21.60740000,-366.24940000
0.74799998,18.34707000,-365.38810000
0.74899998,16.74766000,-363.31200000
0.74999998,14.70226000,-361.15890000
0.75099998,12.85679000,-359.31350000
0.75199998,10.76525000,-357.22200000
0.75299998,8.91978400,-355.37650000
0.75399998,6.70521600,-353.22340000
0.75499998,4.41375400,-351.14720000
0.75599998,4.45989200,-350.22450000
0.75699998,6.99741600,-350.91660000
0.75799998,8.10469900,-348.87120000
0.75899998,7.64333200,-344.73420000
0.75999998,8.58144600,-340.24360000
0.76099998,10.41154000,-335.87600000
0.76199998,13.62574000,-334.89170000
0.76299998,17.51661000,-337.64450000
0.76399998,21.79195000,-338.87480000
0.76499998,25.45214000,-338.64420000
0.76599998,29.66597000,-338.70570000
0.76699998,33.32615000,-339.16710000
0.76799998,37.53998000,-336.93710000
0.76899998,41.20017000,-332.35420000
0.76999998,45.35248000,-330.12420000
0.77099998,48.78198000,-330.58560000
0.77199998,54.16461000,-330.70860000
0.77299998,60.36232000,-330.70860000
0.77399998,64.62228000,-330.83170000
0.77499998,65.99102000,-331.29300000
0.77599998,67.97490000,-329.12460000
0.77699998,69.82037000,-324.75700000
0.77799998,71.91190000,-321.49660000
0.77899998,73.75738000,-319.89720000
0.77999998,75.91043000,-317.85180000
0.78099998,77.98659000,-316.00640000
0.78199998,79.03235000,-313.96100000
0.78299998,78.80167000,-312.36160000
0.78399998,78.80167000,-309.14740000
0.78499998,79.03235000,-305.02580000
0.78599998,77.92506000,-301.87310000
0.78699998,75.61823000,-300.48900000
0.78799998,74.57246000,-297.39790000
0.78899998,75.03383000,-293.50700000
0.78999998,74.09571000,-289.29320000
0.79099998,72.26562000,-285.86360000
0.79199998,69.05142000,-280.54260000
0.79299998,65.16055000,-274.57550000
0.79399998,60.82369000,-269.25440000
0.79499998,56.93282000,-265.82490000
0.79599998,53.84166000,-261.67260000
0.79699998,52.45755000,-258.01240000
0.79799998,49.30487000,-253.86010000
0.79899998,45.18331000,-250.43060000
0.79999998,41.90760000,-245.10950000
0.80099998,40.07751000,-239.14240000
0.80199998,39.01636000,-233.77520000
0.80299998,39.01636000,-230.09960000
0.80399998,40.18516000,-227.07000000
0.80499998,42.49200000,-225.68590000
0.80599998,43.59928000,-222.59470000
0.80699998,43.36860000,-218.70390000
0.80799998,43.24557000,-214.36700000
0.80899998,43.01488000,-210.47610000
0.80999998,44.06065000,-207.38490000
0.81099998,46.13681000,-206.00090000
0.81199998,48.28986000,-202.84820000
0.81299998,50.13533000,-198.72660000
0.81399998,52.18073000,-195.62010000
0.81499998,53.78014000,-194.48200000
0.81599998,56.99434000,-190.22210000
0.81699998,61.11589000,-183.79370000
0.81799998,64.22243000,-179.47220000
0.81899998,65.36047000,-178.10350000
0.81999998,69.62044000,-176.16570000
0.82099998,76.04884000,-174.56630000
0.82199998,80.30881000,-171.41360000
0.82299998,81.44685000,-167.52280000
0.82399998,84.55339000,-163.18590000
0.82499998,88.67494000,-159.29500000
0.82599998,91.95065000,-156.14230000
0.82699998,93.78075000,-154.54290000
0.82799998,94.78038000,-152.54370000
0.82899998,94.54971000,-150.94430000
0.82999998,94.48818000,-147.85310000
0.83099998,94.48818000,-144.17750000
0.83199998,94.48818000,-138.74880000
0.83299998,94.48818000,-132.55110000
0.83399998,94.54971000,-128.41410000
0.83499998,94.78038000,-127.49140000
0.83599998,93.73462000,-123.35440000
0.83699998,91.65846000,-117.15670000
0.83799998,89.50541000,-111.89710000
0.83899998,87.65993000,-108.92900000
0.83999998,85.56840000,-102.56210000
0.84099998,83.72293000,-94.28825000
0.84199998,81.67753000,-87.87524000
0.84299998,80.07812000,-84.66105000
0.84399998,76.92544000,-80.57024000
0.84499998,73.03457000,-76.91006000
0.84599998,68.69771000,-72.81926000
0.84699998,64.80684000,-69.60506000
0.84799998,61.65416000,-63.19205000
0.84899998,60.05474000,-54.91818000
0.84999998,57.94783000,-48.50517000
0.85099998,55.87167000,-45.29097000
0.85199998,54.82590000,-41.26168000
0.85299998,55.05659000,-37.83218000
0.85399998,55.11811000,-32.57259000
0.85499998,55.11811000,-26.83624000
0.85599998,55.05659000,-20.40785000
0.85699998,54.82590000,-14.67150000
0.85799998,55.82554000,-9.36577200
0.85899998,57.65563000,-5.69020700
0.85999998,60.97748000,-2.66055600
0.86099998,65.34510000,-1.27645200
0.86199998,67.45202000,1.81471400
0.86299998,66.75996000,5.70558500
0.86399998,67.68269000,9.98092900
0.86499998,69.75885000,13.64112000
0.86599998,71.86577000,17.91646000
0.86699998,73.46518000,21.80733000
0.86799998,76.72551000,24.89850000
0.86899998,81.09312000,26.28260000
0.86999998,83.20005000,29.31225000
0.87099998,82.50800000,32.98782000
0.87199998,83.43073000,38.41658000
0.87299998,85.50688000,44.61429000
0.87399998,87.65993000,48.81274000
0.87499998,89.50541000,49.95078000
0.87599998,91.59694000,52.99581000
0.87699998,93.44241000,56.88668000
0.87799998,95.65698000,61.16203000
0.87899998,97.94844000,64.82221000
0.87999998,97.90231000,69.03605000
0.88099998,95.36478000,72.69623000
0.88199998,94.19598000,76.91006000
0.88299998,94.42667000,80.57024000
0.88399997,94.54971000,84.78408000
0.88499997,94.78038000,88.44426000
0.88599997,93.73462000,92.59658000
0.88699997,91.65846000,96.02608000
0.88799997,89.55154000,101.34720000
0.88899997,87.95213000,107.31420000
0.88999997,84.73794000,112.57380000
0.89099997,80.61638000,115.77260000
0.89199997,77.46371000,120.97070000
0.89299997,76.07960000,126.70710000
0.89399997,72.88078000,133.13550000
0.89499997,68.51316000,138.87180000
0.89599997,66.40624000,144.06990000
0.89699997,67.09830000,147.26870000
0.89799997,65.99102000,152.52830000
0.89899997,63.23819000,158.49530000
0.89999997,64.22243000,163.81640000
0.90099997,68.59006000,167.24590000
0.90199997,72.85002000,171.33670000
0.90299997,76.06422000,174.76620000
0.90399997,82.43110000,180.14890000
0.90499997,90.45890000,186.34660000
0.90599997,98.05609000,190.54500000
0.90699997,103.77710000,191.68310000
0.90799997,108.11390000,194.78960000
0.90899997,110.17470000,198.91120000
0.90999997,109.12890000,202.06380000
0.91099997,105.22270000,203.44790000
0.91199997,99.02497000,206.47760000
0.91299997,92.38127000,210.15320000
0.91399997,78.78629000,215.45890000
0.91499997,61.80795000,221.19520000
0.91599997,39.49311000,227.50060000
0.91699997,17.02448000,232.77560000
0.91799997,-9.90403500,240.18820000
0.91899997,-35.84830000,248.00070000
0.91999997,-55.24114000,255.41340000
0.92099997,-64.17630000,260.68840000
0.92199997,-67.49815000,267.05520000
0.92299997,-64.76070000,273.02220000
0.92399997,-48.87426000,277.40520000
0.92499997,-23.63743000,279.46600000
0.92599997,9.47342500,278.29720000
0.92699997,43.19943000,273.92960000
0.92799997,83.84596000,269.60810000
0.92899997,122.61630000,266.17860000
0.92999997,158.24930000,260.79600000
0.93099997,183.71680000,254.59830000
0.93199997,196.80420000,250.21530000
0.93299997,195.20480000,248.38520000
0.93399997,176.98080000,248.26220000
0.93499997,146.00760000,249.63090000
0.93599997,103.02350000,256.18230000
0.93699997,56.90206000,266.74770000
0.93799997,6.44377400,275.20610000
0.93899997,-37.83218000,279.55830000
0.93999997,-76.51021000,288.95480000
0.94099997,-101.51640000,300.88890000
0.94199997,-113.54270000,312.86910000
0.94299997,-110.57460000,322.74230000
0.94399997,-87.09091000,329.15540000
0.94499997,-48.32062000,330.77010000
0.94599997,4.49065000,329.60130000
0.94699997,60.70066000,325.69510000
0.94799997,118.94070000,319.14370000
0.94899997,167.56890000,311.11590000
0.94999997,204.32450000,303.47250000
0.95099997,221.97960000,297.50550000
0.95199997,218.76540000,294.35280000
0.95299997,195.37400000,294.81420000
0.95399997,153.31260000,295.86000000
0.95499997,101.00890000,297.22870000
0.95599997,39.61614000,302.36530000
0.95699997,-18.43934000,309.70100000
0.95799997,-72.34252000,321.45050000
0.95899997,-111.35890000,334.98400000
0.95999997,-132.96630000,350.11690000
0.96099997,-132.96630000,363.88100000
0.96199997,-111.35890000,374.63090000
0.96299997,-72.34252000,380.13650000
0.96399997,-18.19328000,382.05890000
0.96499997,40.76956000,379.53670000
0.96599997,98.07147000,376.26100000
0.96699997,142.57810000,372.81620000
0.96799997,173.82810000,366.51080000
0.96899997,185.53150000,358.94440000
0.96999997,176.88850000,349.07110000
0.97099997,149.59090000,338.50580000
0.97199997,105.25340000,333.07700000
0.97299997,52.48831000,333.76910000
0.97399997,-4.70595500,335.99900000
0.97499997,-54.94894000,339.42850000
0.97599997,-98.24065000,346.96420000
0.97699997,-126.23030000,357.06810000
0.97799997,-132.82790000,366.81840000
0.97899997,-117.00290000,374.38480000
0.97999997,-81.13927000,380.87470000
0.98099997,-31.80364000,384.99630000
0.98199997,24.45251000,384.95010000
0.98299997,76.75627000,380.58250000
0.98399997,124.24640000,375.15370000
0.98499997,157.52640000,369.64810000
0.98599997,173.76660000,362.22010000
0.98699997,169.86040000,354.65360000
0.98799997,146.08450000,345.94920000
0.98899997,107.08350000,337.69070000
0.98999997,55.14886000,333.30770000
0.99099997,0.30757870,333.53840000
0.99199997,-52.54982000,336.98320000
0.99299997,-92.91953000,343.41160000
0.99399997,-122.07800000,348.85580000
0.99499997,-134.24270000,352.28530000
0.99599997,-125.53830000,356.49910000
0.99699997,-97.53321000,360.39000000
0.99799997,-56.24077000,363.66570000
0.99899997,-9.19660400,365.72650000
0.99999997,39.52387000,365.84950000
1.00099997,80.58562000,364.25010000
1.00199997,110.72830000,358.75980000
1.00299997,123.80040000,350.25520000
1.00399997,122.63160000,343.71920000
1.00499997,107.26810000,340.27440000
1.00599997,77.00233000,337.06010000
1.00699997,37.77067000,334.76870000
1.00799997,-6.68983700,335.81450000
1.00899997,-47.98228000,339.95140000
1.00999997,-81.46222000,345.44170000
1.01099997,-100.50130000,351.40870000
1.01199997,-106.74520000,356.72980000
1.01299997,-98.48671000,360.15930000
1.01399997,-78.90932000,364.41930000
1.01499997,-51.61171000,368.55620000
1.01599997,-17.96260000,370.83230000
1.01699997,15.76341000,371.06300000
1.01799997,43.86073000,367.74110000
1.01899997,60.83907000,361.31270000
1.01999997,69.37438000,355.93010000
1.02099997,67.52891000,352.73130000
1.02199997,54.44143000,347.24100000
1.02299997,32.41880000,340.35120000
1.02399997,6.30536400,339.29010000
1.02499997,-19.16216000,344.34980000
1.02599997,-41.89222000,347.73310000
1.02699997,-57.48647000,349.11720000
1.02799997,-64.96062000,352.31600000
1.02899997,-62.66916000,356.68370000
1.02999997,-52.73437000,358.72910000
1.03099997,-36.66338000,357.80630000
1.03199997,-18.10101000,360.08240000
1.03299997,-0.19992620,365.37270000
1.03399997,13.94870000,364.43460000
1.03499997,21.74582000,357.77560000
1.03599997,22.85310000,351.17800000
1.03699997,17.11676000,345.67230000
1.03799997,4.09079700,339.18240000
1.03899997,-13.81028000,332.98470000
1.03999997,-33.37229000,329.89360000
1.04099997,-51.04269000,330.81630000
1.04199997,-65.23744000,329.77050000
1.04299997,-73.51131000,327.01770000
1.04399997,-72.34252000,328.12500000
1.04499997,-61.77719000,332.95400000
1.04599997,-47.58243000,335.29160000
1.04699997,-32.20350000,335.06090000
1.04799997,-14.79454000,333.99970000
1.04899997,1.49175700,332.40030000
1.04999997,11.30352000,328.14040000
1.05099997,12.91831000,322.17330000
1.05199997,8.64296200,315.68340000
1.05299997,-0.52288380,309.94710000
1.05399997,-17.87033000,304.57980000
1.05499997,-40.13902000,300.67360000
1.05599997,-60.76217000,298.62820000
1.05699997,-75.89505000,299.08950000
1.05799997,-87.87524000,299.21260000
1.05899997,-94.53432000,299.21260000
1.05999997,-90.15132000,299.21260000
1.06099997,-75.44906000,299.21260000
1.06199997,-58.10162000,299.27410000
1.06299997,-41.36934000,299.50480000
1.06399997,-20.86922000,298.62820000
1.06499997,-0.66129420,297.25950000
1.06599997,13.53346000,291.93840000
1.06699997,19.26981000,283.91050000
1.06799997,17.10138000,275.26760000
1.06899997,7.47416300,267.70110000
1.06999997,-9.88865600,260.16550000
1.07099997,-31.68061000,254.19840000
1.07199997,-54.45681000,251.09190000
1.07299997,-73.95731000,251.79930000
1.07399997,-89.15169000,251.96850000
1.07499997,-97.17950000,251.96850000
1.07599997,-96.07221000,251.96850000
1.07699997,-85.98363000,251.96850000
1.07799997,-69.62044000,252.03000000
1.07899997,-49.88927000,252.26070000
1.07999997,-29.26612000,251.32260000
1.08099997,-11.59572000,249.72320000
1.08199997,1.30720900,245.50930000
1.08299997,6.81286900,239.78840000
1.08399997,6.87438400,232.29880000
1.08499997,1.59940900,224.73240000
1.08599997,-12.41080000,216.15090000
1.08699997,-32.38804000,208.35380000
1.08799997,-54.11848000,201.98690000
1.08899997,-73.61897000,198.54210000
1.08999997,-89.92064000,195.45090000
1.09099997,-100.00920000,193.62080000
1.09199997,-101.00890000,192.68270000
1.09299997,-92.50430000,193.14410000
1.09399997,-79.47834000,192.09830000
1.09499997,-64.34547000,189.79140000
1.09599997,-44.82960000,188.86870000
1.09699997,-24.63705000,189.79140000
1.09799997,-9.44266700,186.74640000
1.09899997,-2.10691400,180.77940000
1.09999997,0.10765260,173.19760000
1.10099997,-3.09116600,165.38510000
1.10199997,-16.07099000,157.84940000
1.10299997,-36.26353000,152.12840000
1.10399997,-57.99397000,148.03760000
1.10499997,-77.26378000,146.89960000
1.10599997,-94.54971000,143.79300000
1.10699997,-106.48370000,139.67150000
1.10799997,-110.80520000,136.45730000
1.10899997,-106.68370000,134.85790000
1.10999997,-95.87228000,132.81250000
1.11099997,-80.49335000,130.96700000
1.11199997,-59.88558000,128.98310000
1.11299997,-37.84756000,127.61440000
1.11399997,-19.45435000,123.46210000
1.11499997,-8.21235200,117.74110000
1.11599997,-1.78395700,110.20550000
1.11699997,-1.55327200,102.39300000
1.11799997,-9.08895100,94.85728000
1.11899997,-22.85310000,89.13631000
1.11999997,-41.20017000,84.98400000
1.12099997,-60.46998000,83.61527000
1.12199997,-81.13927000,81.63139000
1.12299997,-99.50172000,79.78593000
1.12399997,-109.14430000,77.63287000
1.12499997,-107.99090000,75.55672000
1.12599997,-103.54640000,74.57246000
1.12699997,-96.44131000,75.03383000
1.12799997,-82.47723000,74.21874000
1.12899997,-64.57615000,72.85002000
1.12999997,-46.12143000,67.52891000
1.13099997,-30.52719000,59.50110000
1.13199997,-18.67003000,50.91965000
1.13299997,-12.93369000,43.56853000
1.13399997,-13.04134000,34.98708000
1.13499997,-19.23905000,26.95927000
1.13599997,-29.00467000,21.76119000
1.13699997,-40.47736000,20.85384000
1.13799997,-54.61060000,17.80881000
1.13899997,-68.83612000,13.68725000
1.13999997,-78.58636000,10.41154000
1.14099997,-82.03124000,8.58144600
1.14199997,-82.03124000,7.64333200
1.14299997,-78.58636000,8.10469900
1.14399997,-68.83612000,7.22810000
1.14499997,-54.61060000,5.62869100
1.14599997,-40.47736000,1.41486200
1.14699997,-29.00467000,-4.30610200
1.14799997,-19.30056000,-11.84178000
1.14899997,-13.33354000,-19.65428000
1.14999997,-12.22625000,-27.12844000
1.15099997,-16.13251000,-32.63410000
1.15199997,-24.83698000,-37.83218000
1.15299997,-36.77103000,-41.26168000
1.15399997,-49.73548000,-45.47551000
1.15499997,-61.20817000,-49.36639000
1.15599997,-71.83501000,-52.51907000
1.15699997,-79.17077000,-54.11848000
1.15799997,-85.59916000,-56.22539000
1.15899997,-89.72071000,-58.30154000
1.15999997,-89.55154000,-59.16277000
1.16099997,-84.72256000,-58.24003000
1.16199997,-81.40071000,-61.33120000
1.16299997,-80.01660000,-67.52891000
1.16399997,-76.69476000,-73.95731000
1.16499997,-71.86577000,-79.23228000
1.16599997,-71.80425000,-86.76796000
1.16699997,-76.40256000,-95.02644000
1.16799997,-80.78555000,-100.22450000
1.16899997,-84.21506000,-100.90120000
1.16999997,-89.59768000,-104.99200000
1.17099997,-95.79539000,-111.18970000
1.17199997,-100.11690000,-116.61850000
1.17299997,-101.71630000,-120.29400000
1.17399997,-102.88510000,-123.38520000
1.17499997,-103.57710000,-124.98460000
1.17599997,-99.31717000,-126.86080000
1.17699997,-91.05868000,-127.99890000
1.17799997,-82.46185000,-133.32000000
1.17899997,-75.35678000,-141.57850000
1.17999997,-65.77571000,-149.05260000
1.18099997,-55.91781000,-154.09690000
1.18199997,-47.33637000,-161.50960000
1.18299997,-41.83070000,-169.53740000
1.18399997,-37.73991000,-175.85810000
1.18499997,-36.37119000,-178.82630000
1.18599997,-34.38730000,-184.02440000
1.18699997,-32.54183000,-189.99140000
1.18799997,-30.49643000,-195.35860000
1.18899997,-28.89702000,-199.03420000
1.18999997,-25.80585000,-202.18690000
1.19099997,-22.13029000,-204.01700000
1.19199997,-16.70152000,-204.83200000
1.19299997,-10.50381000,-203.90930000
1.19399997,-6.24384800,-207.06200000
1.19499997,-4.87512300,-213.49040000
1.19599997,-2.76820900,-218.93450000
1.19699997,-0.47674700,-222.36400000
1.19799997,-0.41523130,-226.57790000
1.19899997,-2.47600900,-230.46870000
1.19999997,-5.69020700,-233.55990000
1.20099997,-9.36577200,-234.94400000
1.20199997,-14.79454000,-238.14280000
1.20299997,-20.99225000,-242.51040000
1.20399997,-25.19070000,-244.67890000
1.20499997,-26.32874000,-244.21750000
1.20599997,-29.37377000,-244.09450000
1.20699997,-33.26464000,-244.09450000
1.20799997,-37.47847000,-243.97140000
1.20899997,-40.90797000,-243.51010000
1.20999997,-46.22908000,-245.67850000
1.21099997,-52.19611000,-250.04610000
1.21199997,-57.45570000,-253.24490000
1.21299997,-60.65453000,-254.62900000
1.21399997,-65.91412000,-257.82790000
1.21499997,-71.88115000,-262.19550000
1.21599997,-77.24840000,-264.17940000
1.21699997,-80.92397000,-263.02590000
1.21799997,-84.13816000,-266.17860000
1.21899997,-86.19894000,-272.83770000
1.21999997,-86.13742000,-277.15920000
1.22099997,-83.84596000,-278.29720000
1.22199997,-81.80056000,-281.40370000
1.22299997,-80.66252000,-285.52530000
1.22399997,-75.29527000,-288.67800000
1.22499997,-66.79072000,-290.06210000
1.22599997,-60.36232000,-293.09180000
1.22699997,-57.39419000,-296.76730000
1.22799997,-52.19611000,-302.07310000
1.22899997,-46.22908000,-307.80940000
1.22999997,-40.90797000,-314.29930000
1.23099997,-37.47847000,-320.26640000
1.23199997,-33.32615000,-324.40330000
1.23299997,-29.66597000,-325.54130000
1.23399997,-25.57517000,-328.58640000
1.23499997,-22.36097000,-332.47720000
1.23599997,-15.94796000,-336.81410000
1.23699997,-7.67408900,-340.70500000
1.23799996,-1.36872500,-343.85760000
1.23899996,1.36872500,-345.45700000
1.23999996,7.67408900,-347.45630000
1.24099996,15.94796000,-349.05570000
1.24199996,22.42249000,-352.26990000
1.24299996,25.86737000,-356.39150000
1.24399996,29.08157000,-359.60570000
1.24499996,31.37303000,-361.20510000
1.24599996,30.26575000,-363.31200000
1.24699996,25.89813000,-365.38810000
1.24799996,21.45362000,-366.37240000
1.24899996,17.56274000,-365.91100000
1.24999996,14.47158000,-366.95680000
1.25099996,13.08747000,-369.26360000
1.25199996,9.93479300,-370.43240000
1.25299996,5.81323800,-370.43240000
1.25399996,2.59904000,-369.32510000
1.25499996,0.99963080,-367.24900000
1.25599996,-1.04576800,-364.97290000
1.25699996,-2.89124000,-362.68150000
1.25799996,-4.93663800,-362.72760000
1.25899996,-6.53604800,-365.26510000
1.25999996,-9.62721400,-366.37240000
1.26099996,-13.30278000,-365.91100000
1.26199996,-18.67003000,-367.01830000
1.26299996,-24.63705000,-369.55580000
1.26399996,-29.89665000,-369.55580000
1.26499996,-33.09547000,-367.01830000
1.26599996,-38.47810000,-365.91100000
1.26699996,-44.90649000,-366.37240000
1.26799996,-48.16683000,-365.26510000
1.26899996,-47.70546000,-362.72760000
1.26999996,-46.53666000,-362.72760000
1.27099996,-44.70657000,-365.26510000
1.27199996,-41.55389000,-366.31090000
1.27299996,-37.87832000,-365.61880000
1.27399996,-32.57259000,-367.72570000
1.27499996,-26.83624000,-372.09340000
1.27599996,-20.34633000,-375.35370000
1.27699996,-14.37930000,-376.95310000
1.27799996,-10.24237000,-378.99850000
1.27899996,-9.10433000,-380.84400000
1.27999996,-6.05930100,-382.93550000
1.28099996,-2.16843000,-384.78100000
1.28199996,2.10691400,-386.87250000
1.28299996,5.76710100,-388.71800000
1.28399996,9.98092900,-390.87100000
1.28499996,13.64112000,-392.94720000
1.28599996,17.79343000,-393.99300000
1.28699996,21.22293000,-393.76230000
1.28799996,26.54404000,-393.63930000
1.28899996,32.51107000,-393.40860000
1.28999996,37.83218000,-394.51580000
1.29099996,41.26168000,-396.82270000
1.29199996,45.41400000,-397.86850000
1.29299996,49.07418000,-397.40710000
1.29399996,53.45718000,-398.57590000
1.29499996,57.82480000,-401.32870000
1.29599996,58.87056000,-400.22140000
1.29699996,56.34842000,-395.39250000
1.29799996,54.07234000,-393.17790000
1.29899996,52.22687000,-393.86990000
1.29999996,50.18147000,-392.94720000
1.30099996,48.58206000,-390.87100000
1.30199996,45.36786000,-388.76410000
1.30299996,41.24631000,-387.16470000
1.30399996,38.09362000,-383.95050000
1.30499996,36.70952000,-379.82900000
1.30599996,33.55684000,-376.67630000
1.30699996,29.43528000,-375.29220000
1.30799996,26.22109000,-372.09340000
1.30899996,24.62168000,-367.72570000
1.30999996,22.57628000,-365.68040000
1.31099996,20.73080000,-366.60310000
1.31199996,18.63927000,-364.55770000
1.31299996,16.79380000,-360.19010000
1.31399996,14.64075000,-356.92970000
1.31499996,12.56459000,-355.33030000
1.31599996,11.64185000,-353.22340000
1.31699996,12.33391000,-351.14720000
1.31799996,10.11934000,-350.22450000
1.31899996,5.29035400,-350.91660000
1.31999996,4.18307100,-348.74810000
1.32099996,6.93590000,-344.16520000
1.32199996,8.04318300,-341.93520000
1.32299996,7.35113100,-342.39660000
1.32399996,9.45804600,-342.58120000
1.32499996,13.82566000,-342.81190000
1.32599996,17.02448000,-341.76610000
1.32699996,18.40859000,-339.68990000
1.32799996,21.43824000,-337.47540000
1.32899996,25.11380000,-335.39920000
1.32999996,30.48105000,-334.35350000
1.33099996,36.44808000,-334.58410000
1.33199996,41.76919000,-334.64560000
1.33299996,45.19869000,-334.64560000
1.33399996,49.35101000,-334.76870000
1.33499996,53.01119000,-335.23010000
1.33599996,57.22502000,-333.00010000
1.33699996,60.88520000,-328.41720000
1.33799996,65.20669000,-326.24870000
1.33899996,69.34362000,-326.94080000
1.33999996,71.38902000,-326.01810000
1.34099996,70.69697000,-323.94190000
1.34199996,71.61971000,-321.83500000
1.34299996,73.69586000,-320.23560000
1.34399996,75.97194000,-317.02140000
1.34499996,78.26340000,-312.89980000
1.34599996,78.15575000,-309.68560000
1.34699996,75.38755000,-308.08620000
1.34799996,75.32603000,-306.08700000
1.34899996,77.86356000,-304.48760000
1.34999996,79.09387000,-301.39640000
1.35099996,79.09387000,-297.72080000
1.35199996,78.03272000,-292.29210000
1.35299996,76.20263000,-286.09440000
1.35399996,72.92691000,-281.89590000
1.35499996,68.80536000,-280.75780000
1.35599996,65.69881000,-277.77440000
1.35699996,64.56078000,-274.09880000
1.35799996,60.30081000,-268.79300000
1.35899996,53.87241000,-263.05670000
1.35999996,49.55093000,-256.62830000
1.36099996,48.18221000,-250.89200000
1.36199996,46.19833000,-245.63240000
1.36299996,44.35285000,-242.20290000
1.36399996,42.19980000,-238.05060000
1.36499996,40.12364000,-234.39040000
1.36599996,39.01636000,-230.17650000
1.36699996,39.01636000,-226.51640000
1.36799996,40.18516000,-222.24100000
1.36899996,42.49200000,-218.35010000
1.36999996,43.53777000,-215.25900000
1.37099996,43.07640000,-213.87490000
1.37199996,44.12217000,-210.72220000
1.37299996,46.42901000,-206.60060000
1.37399996,47.47478000,-203.49410000
1.37499996,47.01340000,-202.35600000
1.37599996,47.99766000,-198.03460000
1.37699996,50.07381000,-191.37550000
1.37799996,52.18073000,-188.22280000
1.37899996,53.78014000,-189.37620000
1.37999996,56.93282000,-187.39230000
1.38099996,60.82369000,-183.02470000
1.38199996,65.09904000,-179.87200000
1.38299996,68.75922000,-178.73400000
1.38399996,72.91154000,-174.47400000
1.38499996,76.34103000,-168.04560000
1.38599996,81.72366000,-163.72420000
1.38699996,87.92138000,-162.35540000
1.38799996,92.24286000,-160.37160000
1.38899996,93.84227000,-158.52610000
1.38999996,94.78038000,-156.48070000
1.39099996,94.54971000,-154.88130000
1.39199996,94.48818000,-151.72860000
1.39299996,94.48818000,-147.83770000
1.39399996,94.48818000,-143.62390000
1.39499996,94.48818000,-140.19440000
1.39599996,94.48818000,-134.87330000
1.39699996,94.48818000,-128.90620000
1.39799996,94.54971000,-123.64660000
1.39899996,94.78038000,-120.44780000
1.39999996,93.73462000,-115.18820000
1.40099996,91.65846000,-109.22120000
1.40199996,89.50541000,-103.90010000
1.40299996,87.65993000,-100.47060000
1.40399996,85.61453000,-96.37979000
1.40499996,84.01513000,-92.95029000
1.40599996,80.80093000,-87.69069000
1.40699996,76.67937000,-81.95435000
1.40799996,73.52669000,-75.52596000
1.40899996,72.14259000,-69.78961000
1.40999996,68.98991000,-64.59153000
1.41099996,64.86835000,-61.39271000
1.41199996,61.65416000,-56.13312000
1.41299996,60.05474000,-50.16609000
1.41399996,57.94783000,-44.90649000
1.41499996,55.87167000,-41.70767000
1.41599996,54.82590000,-36.44808000
1.41699996,55.05659000,-30.48105000
1.41799996,55.11811000,-25.22145000
1.41899996,55.11811000,-22.02264000
1.41999996,55.05659000,-16.70152000
1.42099996,54.82590000,-10.50381000
1.42199996,55.87167000,-6.36687900
1.42299996,57.94783000,-5.44414400
1.42399996,60.05474000,-1.24569400
1.42499996,61.65416000,5.18270100
1.42599996,64.86835000,9.44266700
1.42699996,68.98991000,10.58071000
1.42799996,72.20410000,13.68725000
1.42899996,73.80352000,17.80881000
1.42999996,75.91043000,20.91535000
1.43099996,77.98659000,22.05339000
1.43199996,78.97084000,26.31336000
1.43299996,78.50947000,32.74175000
1.43399996,79.44759000,37.00172000
1.43499996,81.27768000,38.13976000
1.43599996,84.59953000,41.18479000
1.43699996,88.96715000,45.07566000
1.43799996,91.07406000,49.35101000
1.43899996,90.38200000,53.01119000
1.43999996,91.36626000,57.22502000
1.44099996,93.67310000,60.88520000
1.44199996,94.71886000,65.09904000
1.44299996,94.25750000,68.75922000
1.44399996,95.36478000,72.97305000
1.44499996,97.90231000,76.63324000
1.44599996,97.90231000,80.78555000
1.44699996,95.36478000,84.21506000
1.44799996,94.25750000,89.53616000
1.44899996,94.71886000,95.50319000
1.44999996,93.73462000,100.76280000
1.45099996,91.65846000,103.96160000
1.45199996,89.50541000,109.28270000
1.45299996,87.65993000,115.48040000
1.45399996,85.61453000,119.57120000
1.45499996,84.01513000,120.24790000
1.45599996,80.80093000,125.55360000
1.45699996,76.67937000,134.28890000
1.45799996,73.46518000,139.59460000
1.45899996,71.86577000,140.27130000
1.45999996,69.75885000,144.30060000
1.46099996,67.68269000,150.26760000
1.46199996,66.51390000,156.69600000
1.46299996,66.28321000,162.20160000
1.46399996,68.45164000,168.56850000
1.46499996,72.58858000,174.30490000
1.46599996,76.78703000,179.56450000
1.46699996,80.00122000,182.99400000
1.46799996,86.36810000,187.20780000
1.46899996,94.39590000,191.09870000
1.46999996,102.03920000,194.18980000
1.47099996,108.00630000,195.57390000
1.47199996,111.22050000,198.72660000
1.47299996,110.98980000,202.84820000
1.47399996,108.94440000,206.00090000
1.47499996,105.74560000,207.38490000
1.47599996,97.56396000,210.41460000
1.47699996,87.02940000,214.09020000
1.47799996,67.92876000,219.33440000
1.47899996,44.75270000,224.84000000
1.47999996,17.94722000,232.31420000
1.48099996,-6.82824800,240.12670000
1.48199996,-31.54220000,247.53940000
1.48299996,-51.04269000,252.81430000
1.48399996,-63.94562000,259.11970000
1.48499996,-67.62119000,264.85600000
1.48599996,-63.40735000,270.16180000
1.48699996,-52.41142000,273.83730000
1.48799996,-31.32689000,277.11300000
1.48899996,-5.41338600,279.40450000
1.48999996,31.97281000,278.35870000
1.49099996,72.57320000,274.22180000
1.49199996,115.74190000,268.73150000
1.49299996,152.91280000,262.76450000
1.49399996,180.96390000,257.27420000
1.49499996,194.26670000,253.13730000
1.49599996,194.31290000,252.15300000
1.49699996,181.24080000,254.67520000
1.49799996,152.32840000,256.84360000
1.49899996,113.78870000,258.21230000
1.49999996,65.48351000,262.30310000
1.50099996,17.54737000,267.80880000
1.50199996,-31.94205000,276.20570000
1.50299996,-72.77312000,285.38690000
1.50399996,-102.97740000,298.28990000
1.50499996,-116.51080000,312.28470000
1.50599996,-113.41970000,324.26490000
1.50699996,-94.61121000,332.06200000
1.50799996,-57.04047000,335.21470000
1.50899996,-8.64296200,332.92320000
1.50999996,49.53555000,327.26380000
1.51099996,105.74560000,318.75920000
1.51199996,158.66450000,312.33080000
1.51299996,197.91150000,309.36270000
1.51399996,219.45740000,304.10310000
1.51499996,218.99600000,297.90540000
1.51599996,199.66470000,293.35320000
1.51699996,165.49270000,290.81570000
1.51799996,112.68150000,293.96840000
1.51899996,51.87315000,302.01150000
1.51999996,-10.74988000,312.80760000
1.52099996,-62.82296000,324.28020000
1.52199996,-104.76130000,337.01400000
1.52299996,-127.93740000,348.02530000
1.52399996,-132.30500000,360.92830000
1.52499996,-117.17210000,373.09300000
1.52599996,-80.37032000,380.52100000
1.52699996,-28.97392000,381.42840000
1.52799996,29.45066000,382.47410000
1.52899996,83.58452000,383.39690000
1.52999996,133.24310000,378.02960000
1.53099996,168.56850000,367.46430000
1.53199996,185.97750000,357.65250000
1.53299996,182.31730000,350.31680000
1.53399996,156.26540000,342.78110000
1.53499996,112.66610000,336.58340000
1.53599996,58.56299000,334.41500000
1.53699996,4.42913300,336.72180000
1.53799996,-49.48942000,341.04330000
1.53899996,-92.39665000,346.54900000
1.53999996,-121.60120000,355.13040000
1.54099996,-131.47450000,364.98830000
1.54199996,-120.66310000,374.81540000
1.54299996,-91.28937000,382.84320000
1.54399996,-45.90612000,387.16470000
1.54499996,6.62832200,386.93400000
1.54599996,63.99175000,383.55070000
1.54699996,115.17290000,377.35300000
1.54799996,154.12770000,370.98610000
1.54899996,173.39750000,365.94180000
1.54999996,173.33600000,357.29880000
1.55099996,153.83550000,346.73350000
1.55199996,115.98790000,340.24360000
1.55299996,67.11368000,339.10550000
1.55399996,10.85753000,338.12130000
1.55499996,-41.90760000,337.65990000
1.55599996,-87.18319000,340.85870000
1.55699996,-115.84950000,347.05650000
1.55799996,-129.87510000,353.60790000
1.55899996,-126.43020000,359.34420000
1.55999996,-102.48520000,364.77300000
1.56099996,-62.33083000,368.90990000
1.56199996,-15.70189000,369.95570000
1.56299996,28.57406000,367.66420000
1.56399996,71.74274000,364.45000000
1.56499996,105.23810000,361.00510000
1.56599996,124.69240000,354.46910000
1.56699996,126.29180000,345.96450000
1.56799996,112.09710000,340.53580000
1.56899996,84.55339000,339.16710000
1.56999996,46.70583000,338.16740000
1.57099996,5.87475300,337.93670000
1.57199996,-36.30967000,340.04360000
1.57299996,-71.63509000,343.94990000
1.57399996,-96.47206000,349.37870000
1.57499996,-105.86860000,355.34570000
1.57599996,-101.31640000,360.71300000
1.57699996,-83.18466000,364.38850000
1.57799996,-55.96395000,367.60270000
1.57899996,-24.52940000,369.66350000
1.57999996,7.88939400,369.72500000
1.58099996,34.97170000,367.89490000
1.58199996,56.57911000,363.45040000
1.58299996,68.51316000,357.02200000
1.58399996,68.39013000,352.76200000
1.58499996,55.99471000,351.62400000
1.58599996,36.37119000,348.40980000
1.58699996,12.96444000,343.81150000
1.58799996,-13.02596000,342.64270000
1.58899996,-36.66338000,344.93410000
1.58999996,-55.11811000,348.27140000
1.59099996,-64.99138000,352.16230000
1.59199995,-64.80684000,356.49910000
1.59299995,-54.25689000,360.39000000
1.59399995,-38.83181000,363.66570000
1.59499995,-20.93073000,365.72650000
1.59599995,-3.52177600,365.78800000
1.59699995,10.24237000,363.95790000
1.59799995,18.90071000,359.63640000
1.59899995,20.73080000,353.66940000
1.59999995,16.47084000,347.17950000
1.60099995,7.05893100,341.44310000
1.60199995,-9.24274100,336.07590000
1.60299995,-29.43528000,332.16960000
1.60399995,-47.95152000,330.12420000
1.60499995,-61.48499000,330.58560000
1.60599995,-70.18946000,330.64710000
1.60699995,-72.49631000,330.41640000
1.60799995,-65.94488000,331.58520000
1.60899995,-51.71936000,334.12270000
1.60999995,-34.18737000,334.16890000
1.61099995,-16.28629000,331.87740000
1.61199995,-1.10728300,329.70900000
1.61299995,8.53530900,328.10960000
1.61399995,12.91831000,325.01840000
1.61499995,11.30352000,321.34290000
1.61599995,1.61478800,315.97560000
1.61699995,-14.22552000,310.00860000
1.61799995,-33.72601000,304.57980000
1.61899995,-53.22650000,300.67360000
1.61999995,-71.69659000,298.56670000
1.62099995,-85.69143000,298.79740000
1.62199995,-92.22748000,300.02760000
1.62299995,-90.16670000,302.33450000
1.62399995,-80.41646000,303.50330000
1.62499995,-64.80684000,303.50330000
1.62599995,-44.18369000,302.44210000
1.62699995,-22.39173000,300.61210000
1.62799995,-2.81434500,297.58240000
1.62899995,10.94980000,294.36820000
1.62999995,17.37820000,286.77100000
1.63099995,15.07136000,276.22110000
1.63199995,6.42839500,268.73150000
1.63299995,-6.87438400,265.99410000
1.63399995,-26.32874000,260.79600000
1.63499995,-48.12069000,254.59830000
1.63599995,-68.80536000,250.21530000
1.63699995,-84.64566000,248.38520000
1.63799995,-93.28863000,248.44670000
1.63899995,-93.05794000,250.50750000
1.63999995,-85.39924000,254.01390000
1.64099995,-71.63509000,258.84290000
1.64199995,-53.22650000,258.90440000
1.64299995,-33.72601000,254.30610000
1.64399995,-14.16400000,249.98460000
1.64499995,1.90698800,246.77040000
1.64599995,10.54995000,240.40350000
1.64699995,10.08858000,232.37570000
1.64799995,3.66018700,224.96310000
1.64899995,-7.35113100,219.91880000
1.64999995,-26.91314000,212.50610000
1.65099995,-51.47330000,204.47830000
1.65199995,-72.09646000,197.98840000
1.65299995,-84.93787000,194.31290000
1.65399995,-94.58046000,192.26750000
1.65499995,-98.93269000,192.49810000
1.65599995,-94.61121000,193.85150000
1.65699995,-82.44647000,196.60430000
1.65799995,-66.20631000,195.62010000
1.65899995,-49.01267000,191.25240000
1.65999995,-29.43528000,186.86940000
1.66099995,-11.07283000,183.20930000
1.66199995,-0.15378940,179.05690000
1.66299995,1.44562000,175.62740000
1.66399995,-4.04466000,170.42940000
1.66499995,-15.74803000,164.92370000
1.66599995,-33.09547000,157.32650000
1.66699995,-52.82664000,149.06800000
1.66799995,-72.21949000,143.74690000
1.66899995,-87.35236000,142.60890000
1.66999995,-100.37830000,140.62500000
1.67099995,-108.88290000,138.54880000
1.67199995,-107.82170000,137.62610000
1.67299995,-97.50246000,138.31820000
1.67399995,-82.30807000,136.27280000
1.67499995,-65.09904000,132.13580000
1.67599995,-44.49126000,127.93740000
1.67699995,-24.28334000,124.72320000
1.67799995,-10.21161000,118.31020000
1.67899995,-4.93663800,110.03630000
1.67999995,-4.99815400,103.66940000
1.68099995,-10.50381000,100.70130000
1.68199995,-23.46826000,95.44168000
1.68299995,-41.36934000,89.24397000
1.68399995,-60.82369000,84.92249000
1.68499995,-78.01734000,83.32308000
1.68599995,-94.25750000,82.38496000
1.68699995,-106.42220000,82.61565000
1.68799995,-110.69760000,82.80019000
1.68899995,-106.09930000,83.26156000
1.68999995,-97.45631000,81.21616000
1.69099995,-86.44500000,77.30991000
1.69199995,-69.15908000,71.94266000
1.69299995,-48.95115000,66.20631000
1.69399995,-31.60371000,59.83944000
1.69499995,-20.36171000,54.33378000
1.69599995,-12.88755000,48.08994000
1.69699995,-10.82677000,42.81496000
1.69799995,-15.20977000,35.40231000
1.69899995,-25.31373000,27.58981000
1.69999995,-38.33969000,20.00800000
1.70099995,-51.87315000,14.04097000
1.70199995,-66.00639000,10.93442000
1.70299995,-78.17113000,11.64185000
1.70399995,-84.70718000,11.93405000
1.70499995,-84.47649000,12.39542000
1.70599995,-78.98621000,10.28851000
1.70699995,-69.12832000,6.15157400
1.70799995,-56.10236000,1.89160900
1.70899995,-42.32283000,-1.53789400
1.70999995,-29.35839000,-6.85900500
1.71099995,-19.73118000,-12.82603000
1.71199995,-13.24126000,-18.02411000
1.71299995,-11.18049000,-20.99225000
1.71399995,-14.44082000,-27.35913000
1.71499995,-22.48400000,-35.63300000
1.71599995,-33.28002000,-42.04601000
1.71699995,-44.75270000,-45.26021000
1.71799995,-57.67101000,-49.52017000
1.71899995,-69.35900000,-53.88779000
1.71999995,-78.89394000,-54.76439000
1.72099995,-83.92285000,-51.53481000
1.72199995,-89.30549000,-52.41142000
1.72299995,-93.88840000,-56.77903000
1.72399995,-92.71961000,-61.16203000
1.72499995,-85.82984000,-64.82221000
1.72599995,-80.23191000,-69.03605000
1.72699995,-76.55634000,-72.69623000
1.72799995,-73.21912000,-76.78703000
1.72899995,-70.69697000,-80.00122000
1.72999995,-72.91154000,-86.36810000
1.73099995,-79.58599000,-94.39590000
1.73199995,-85.01476000,-101.93160000
1.73299995,-88.21358000,-107.43720000
1.73399995,-93.59621000,-112.74300000
1.73499995,-100.02460000,-116.64920000
1.73599995,-103.28490000,-118.57160000
1.73699995,-102.82360000,-117.64890000
1.73799995,-101.77780000,-119.63270000
1.73899995,-100.40910000,-123.76970000
1.73999995,-95.21099000,-127.96810000
1.74099995,-87.64455000,-131.18230000
1.74199995,-76.83316000,-137.59540000
1.74299995,-64.89912000,-145.86920000
1.74399995,-54.08772000,-152.17460000
1.74499995,-46.52128000,-154.91200000
1.74599995,-41.44623000,-161.17120000
1.74699995,-40.53888000,-169.19910000
1.74799995,-37.49385000,-176.67320000
1.74899995,-33.37229000,-181.94820000
1.74999995,-30.15809000,-188.37660000
1.75099995,-28.55869000,-194.57430000
1.75199995,-26.55942000,-197.66550000
1.75299995,-24.96001000,-196.74270000
1.75399995,-21.86885000,-197.55780000
1.75499995,-18.19328000,-199.38790000
1.75599995,-12.76452000,-202.54060000
1.75699995,-6.56680600,-206.21620000
1.75799995,-2.24532500,-211.64490000
1.75899995,-0.64591530,-217.84260000
1.75999995,0.41523130,-222.04110000
1.76099995,0.64591530,-223.17910000
1.76199995,-1.58403000,-226.22420000
1.76299995,-5.95164800,-230.11500000
1.76399995,-9.04281500,-234.45190000
1.76499995,-9.95017100,-238.34270000
1.76599995,-15.25591000,-241.55690000
1.76699995,-23.76046000,-243.38700000
1.76799995,-30.23499000,-244.32520000
1.76899995,-33.44918000,-243.86380000
1.76999995,-37.60150000,-244.84800000
1.77099995,-41.49237000,-246.92420000
1.77199995,-44.58353000,-249.07720000
1.77299995,-45.96764000,-250.92270000
1.77399995,-48.99729000,-253.07580000
1.77499995,-52.67286000,-255.15190000
1.77599995,-57.97859000,-256.07460000
1.77699995,-63.71493000,-255.38260000
1.77799995,-70.20484000,-257.42800000
1.77899995,-76.17187000,-261.56490000
1.77999995,-80.37032000,-265.94790000
1.78099995,-81.73905000,-269.83880000
1.78199995,-83.84596000,-272.99150000
1.78299995,-86.13742000,-274.59090000
1.78399995,-86.19894000,-276.59010000
1.78499995,-84.13816000,-278.18960000
1.78599995,-80.92397000,-281.34230000
1.78699995,-77.24840000,-285.23310000
1.78799995,-71.94266000,-289.44700000
1.78899995,-66.20631000,-292.87650000
1.78999995,-59.83944000,-298.19760000
1.79099995,-54.33378000,-304.16460000
1.79199995,-47.96690000,-309.48570000
1.79299995,-42.23056000,-312.91520000
1.79399995,-36.97096000,-317.06750000
1.79499995,-33.54146000,-320.72770000
1.79599995,-29.38915000,-324.94150000
1.79699995,-25.72896000,-328.60170000
1.79799995,-21.63816000,-332.87710000
1.79899995,-18.42397000,-336.76790000
1.79999995,-12.01095000,-339.85910000
1.80099995,-3.73708200,-341.24320000
1.80199995,2.56828200,-344.33440000
1.80299995,5.30573300,-348.22530000
1.80399995,11.61110000,-352.56210000
1.80499995,19.88497000,-356.45300000
1.80599995,26.42101000,-359.60570000
1.80699995,30.09658000,-361.20510000
1.80799995,32.18811000,-363.25050000
1.80899995,32.18811000,-365.09590000
1.80999995,29.97355000,-367.24900000
1.81099995,25.83661000,-369.32510000
1.81199995,21.51513000,-370.37090000
1.81299995,17.85494000,-370.14020000
1.81399995,13.57960000,-370.20180000
1.81499995,9.68872900,-370.66310000
1.81599995,6.59756400,-368.38700000
1.81699995,5.21345900,-363.55810000
1.81799995,2.01464100,-362.49690000
1.81899995,-2.35297700,-365.49580000
1.81999995,-4.39837600,-365.55730000
1.82099995,-3.47564000,-362.78910000
1.82199995,-5.45952300,-362.78910000
1.82299995,-9.59645700,-365.55730000
1.82399995,-13.85642000,-365.55730000
1.82499995,-17.28592000,-362.78910000
1.82599995,-22.60704000,-362.72760000
1.82699995,-28.57406000,-365.26510000
1.82799995,-33.89517000,-366.43390000
1.82899995,-37.32468000,-366.20320000
1.82999995,-41.58464000,-366.20320000
1.83099995,-45.72158000,-366.43390000
1.83199995,-47.89001000,-365.26510000
1.83299995,-47.65932000,-362.72760000
1.83399995,-46.59818000,-362.68150000
1.83499995,-44.99877000,-364.97290000
1.83599995,-40.73880000,-367.14140000
1.83699995,-34.77177000,-368.74080000
1.83799995,-28.34338000,-372.00110000
1.83899995,-22.83772000,-376.36870000
1.83999995,-16.40932000,-378.47560000
1.84099995,-10.44230000,-377.78360000
1.84199995,-6.30536400,-378.66020000
1.84299995,-5.16732200,-380.49030000
1.84399995,-2.06077700,-383.76600000
1.84499995,2.06077700,-387.88750000
1.84599995,5.21345900,-391.28630000
1.84699995,6.59756400,-393.57770000
1.84799995,9.62721400,-392.23970000
1.84899995,13.30278000,-386.94940000
1.84999995,18.60851000,-386.82640000
1.85099995,24.34486000,-391.65540000
1.85199995,30.77325000,-395.10030000
1.85299995,36.50959000,-396.93030000
1.85399995,41.76919000,-397.93000000
1.85499995,45.19869000,-397.69930000
1.85599995,49.45866000,-397.63780000
1.85699995,53.59559000,-397.63780000
1.85799995,55.70251000,-397.63780000
1.85899995,55.24114000,-397.63780000
1.85999995,55.17962000,-397.69930000
1.86099995,55.41031000,-397.93000000
1.86199995,54.41068000,-396.93030000
1.86299995,52.58058000,-395.10030000
1.86399995,49.36639000,-391.82450000
1.86499995,45.47551000,-387.70300000
1.86599995,41.09252000,-384.48880000
1.86699995,36.95558000,-382.88940000
1.86799995,34.97170000,-380.84400000
1.86899995,35.89444000,-378.99850000
1.86999995,33.84904000,-376.95310000
1.87099995,29.48142000,-375.35370000
1.87199995,26.22109000,-372.09340000
1.87299995,24.62168000,-367.72570000
1.87399995,22.57628000,-365.68040000
1.87499995,20.73080000,-366.60310000
1.87599995,18.68541000,-364.49620000
1.87699995,17.08600000,-359.91320000
1.87799995,13.82566000,-357.86790000
1.87899995,9.45804600,-359.02120000
1.87999995,7.28961600,-355.74560000
1.88099995,7.75098400,-348.62510000
1.88199995,7.87401500,-346.51820000
1.88299995,7.87401500,-349.97850000
1.88399995,7.87401500,-349.04030000
1.88499995,7.87401500,-344.21130000
1.88599995,7.75098400,-341.99680000
1.88699995,7.28961600,-342.68880000
1.88799995,9.39653000,-341.70460000
1.88899995,13.53346000,-339.39770000
1.88999995,17.79343000,-338.29050000
1.89099995,21.22293000,-338.52110000
1.89199995,26.54404000,-338.64420000
1.89299995,32.51107000,-338.87480000
1.89399995,37.83218000,-337.82910000
1.89499995,41.26168000,-335.75290000
1.89599995,45.41400000,-333.53840000
1.89699995,49.07418000,-331.46220000
1.89799995,53.28801000,-330.47800000
1.89899995,56.94820000,-330.93930000
1.89999995,61.22355000,-329.89360000
1.90099995,65.11441000,-327.58670000
1.90199995,68.32861000,-326.60250000
1.90299995,70.15871000,-327.29450000
1.90399995,71.09682000,-325.18760000
1.90499995,70.63545000,-320.82000000
1.90599995,71.61971000,-317.49810000
1.90699995,73.69586000,-315.66800000
1.90799995,75.91043000,-314.79140000
1.90899995,77.98659000,-315.48350000
1.90999995,79.03235000,-313.49960000
1.91099995,78.80167000,-309.59340000
1.91199995,78.80167000,-304.04160000
1.91299995,79.03235000,-297.61320000
1.91399995,77.92506000,-294.52200000
1.91499995,75.61823000,-295.67540000
1.91599995,74.69550000,-293.75310000
1.91699995,75.61823000,-289.61610000
1.91799995,72.46555000,-285.41770000
1.91899995,66.03716000,-282.20350000
1.91999995,60.54687000,-275.72890000
1.92099995,56.87131000,-267.22440000
1.92199995,53.78014000,-261.98020000
1.92299995,52.18073000,-261.30350000
1.92399995,50.13533000,-257.27420000
1.92499995,48.28986000,-251.30720000
1.92599995,46.19833000,-244.81730000
1.92699995,44.35285000,-239.08090000
1.92799995,42.13828000,-233.77520000
1.92899995,39.84682000,-230.09960000
1.92999995,39.89296000,-227.07000000
1.93099995,42.43048000,-225.68590000
1.93199995,43.59928000,-222.53320000
1.93299995,43.36860000,-218.41170000
1.93399995,43.24557000,-215.30510000
1.93499995,43.01488000,-214.16710000
1.93599995,44.12217000,-209.90710000
1.93699995,46.42901000,-203.47870000
1.93799995,47.41326000,-199.15720000
1.93899995,46.72121000,-197.78850000
1.93999995,48.82812000,-195.85080000
1.94099995,53.19574000,-194.25130000
1.94199995,56.39456000,-191.16020000
1.94299995,57.77866000,-187.48460000
1.94399995,60.86983000,-181.99430000
1.94499994,64.76070000,-175.56590000
1.94599994,69.03605000,-172.41330000
1.94699994,72.69623000,-173.33600000
1.94799994,76.97158000,-172.52090000
1.94899994,80.86244000,-170.69080000
1.94999994,83.95361000,-167.47660000
1.95099994,85.33772000,-163.58570000
1.95199994,88.53653000,-159.24890000
1.95299994,92.90415000,-155.35800000
1.95399994,95.01106000,-152.26680000
1.95499994,94.31902000,-150.88270000
1.95599994,95.36478000,-147.79160000
1.95699994,97.90231000,-143.90070000
1.95799994,97.94844000,-139.68690000
1.95899994,95.65698000,-136.25740000
1.95999994,93.38090000,-130.87470000
1.96099994,91.30474000,-124.67700000
1.96199994,90.32050000,-120.54010000
1.96299994,90.78186000,-119.61740000
1.96399994,89.73609000,-115.48040000
1.96499994,87.42925000,-109.28270000
1.96599994,86.44500000,-104.02310000
1.96699994,87.13705000,-101.05500000
1.96799994,85.03014000,-94.62659000
1.96899994,80.66252000,-86.12204000
1.96999994,77.46371000,-80.87783000
1.97099994,76.07960000,-80.20115000
1.97199994,72.98843000,-76.17187000
1.97299994,69.09756000,-70.20484000
1.97399994,64.71456000,-63.77644000
1.97499994,60.57763000,-58.27079000
1.97599994,58.53223000,-51.90391000
1.97699994,59.22428000,-46.16756000
1.97799994,58.24003000,-40.96949000
1.97899994,55.93319000,-37.77067000
1.97999994,54.82590000,-32.51107000
1.98099994,55.05659000,-26.54404000
1.98199994,55.11811000,-21.22293000
1.98299994,55.11811000,-17.79343000
1.98399994,54.99508000,-13.64112000
1.98499994,54.53371000,-9.98092900
1.98599994,56.70214000,-5.70558500
1.98699994,61.06976000,-1.81471400
1.98799994,64.33009000,1.27645200
1.98899994,65.92950000,2.66055600
1.98999994,67.97490000,5.69020700
1.99099994,69.82037000,9.36577200
1.99199994,71.91190000,14.79454000
1.99299994,73.75738000,20.99225000
1.99399994,75.84891000,25.19070000
1.99499994,77.69438000,26.32874000
1.99599994,79.78593000,29.37377000
1.99699994,81.63139000,33.26464000
1.99799994,83.72293000,37.53998000
1.99899994,85.56840000,41.20017000
1.99999994,87.65993000,45.41400000
2.00099994,89.50541000,49.07418000
2.00199994,91.59694000,53.34953000
2.00299994,93.44241000,57.24040000
2.00399994,95.65698000,60.33157000
2.00499994,97.94844000,61.71567000
2.00599994,97.84079000,64.74532000
2.00699994,95.07259000,68.42088000
